Workbook

Sheet 汇总页
A1: 上线条件评估表｜PIS系统上线前实施核验清单｜标准模板｜版本：V1.0
A2: 项目名称 | B2: 【填写项目名称】 | E2: 系统版本 | F2: 【填写系统版本】 | G2: 计划上线日期 | H2: 【YYYY-MM-DD】
A3: 现场负责人 | B3: 【填写现场负责人】 | D3: 汇总说明 | E3: 本页根据122项核验结果自动汇总；最终上线结论须由项目经理和甲方确认。
A5: 总体统计 | B5: 统计结果 | C5: 判定说明 | E5: 核验部分 | F5: 总项数 | G5: 已完成 | H5: 异常项
A6: 核验项总数 | B6: =COUNTA(上线准备检查!$A$7:$A$65)+COUNTA(业务流程核验!$A$7:$A$69) -> 122 | C6: 上线准备+业务流程 | E6: 上线准备检查 | F6: =COUNTA(上线准备检查!$A$7:$A$65) -> 59 | G6: =COUNTIF(上线准备检查!$K$7:$K$65,"<>未核验") -> 0 | H6: =COUNTIF(上线准备检查!$K$7:$K$65,"不通过")+COUNTIF(上线准备检查!$K$7:$K$65,"阻塞")+COUNTIF(上线准备检查!$K$7:$K$65,"待确认") -> 0
A7: 已完成数量 | B7: =COUNTIF(上线准备检查!$K$7:$K$65,"<>未核验")+COUNTIF(业务流程核验!$K$7:$K$69,"<>未核验") -> 0 | C7: 结论不等于未核验 | E7: 业务流程核验 | F7: =COUNTA(业务流程核验!$A$7:$A$69) -> 63 | G7: =COUNTIF(业务流程核验!$K$7:$K$69,"<>未核验") -> 0 | H7: =COUNTIF(业务流程核验!$K$7:$K$69,"不通过")+COUNTIF(业务流程核验!$K$7:$K$69,"阻塞")+COUNTIF(业务流程核验!$K$7:$K$69,"待确认") -> 0
A8: 通过数量 | B8: =COUNTIF(上线准备检查!$K$7:$K$65,"通过")+COUNTIF(业务流程核验!$K$7:$K$69,"通过") -> 0 | C8: 结论等于通过
A9: 异常项数量 | B9: =COUNTIF(上线准备检查!$K$7:$K$65,"不通过")+COUNTIF(上线准备检查!$K$7:$K$65,"阻塞")+COUNTIF(上线准备检查!$K$7:$K$65,"待确认")+COUNTIF(业务流程核验!$K$7:$K$69,"不通过")+COUNTIF(业务流程核验!$K$7:$K$69,"阻塞")+COUNTIF(业务流程核验!$K$7:$K$69,"待确认") -> 0 | C9: 不通过+阻塞+待确认 | E9: 颜色说明
A10: A项未完成/异常 | B10: =COUNTIFS(上线准备检查!$C$7:$C$65,"A-上线阻断",上线准备检查!$K$7:$K$65,"未核验")+COUNTIFS(上线准备检查!$C$7:$C$65,"A-上线阻断",上线准备检查!$K$7:$K$65,"不通过")+COUNTIFS(上线准备检查!$C$7:$C$65,"A-上线阻断",上线准备检查!$K$7:$K$65,"阻塞")+COUNTIFS(上线准备检查!$C$7:$C$65,"A-上线阻断",上线准备检查!$K$7:$K$65,"待确认")+COUNTIFS(业务流程核验!$C$7:$C$69,"A-上线阻断",业务流程核验!$K$7:$K$69,"未核验")+COUNTIFS(业务流程核验!$C$7:$C$69,"A-上线阻断",业务流程核验!$K$7:$K$69,"不通过")+COUNTIFS(业务流程核验!$C$7:$C$69,"A-上线阻断",业务流程核验!$K$7:$K$69,"阻塞")+COUNTIFS(业务流程核验!$C$7:$C$69,"A-上线阻断",业务流程核验!$K$7:$K$69,"待确认") -> 37 | C10: 必须为0；不适用不计入 | E10: 红色 | F10: A项或异常 | G10: 原则上不得放行
A11: B项未完成/阻塞 | B11: =COUNTIFS(上线准备检查!$C$7:$C$65,"B-上线必做",上线准备检查!$K$7:$K$65,"未核验")+COUNTIFS(上线准备检查!$C$7:$C$65,"B-上线必做",上线准备检查!$K$7:$K$65,"阻塞")+COUNTIFS(上线准备检查!$C$7:$C$65,"B-上线必做",上线准备检查!$K$7:$K$65,"待确认")+COUNTIFS(业务流程核验!$C$7:$C$69,"B-上线必做",业务流程核验!$K$7:$K$69,"未核验")+COUNTIFS(业务流程核验!$C$7:$C$69,"B-上线必做",业务流程核验!$K$7:$K$69,"阻塞")+COUNTIFS(业务流程核验!$C$7:$C$69,"B-上线必做",业务流程核验!$K$7:$K$69,"待确认") -> 53 | C11: 必须为0 | E11: 橙色 | F11: B项或待确认 | G11: 上线前处理
A12: 整体完成率 | B12: =IFERROR(B7/B6,0) -> 0 | C12: 已完成/总数 | E12: 灰色 | F12: C项或不适用 | G12: 抽查/优化/范围外
A13: 当前执行状态 | B13: =IF(B10>0,"A项未完成或存在异常",IF(B11>0,"B项未完成或阻塞",IF(B9>0,"存在异常，交项目经理处理",IF(B7<B6,"核验未完成","核验完成，提交项目经理确认")))) -> A项未完成或存在异常 | C13: 自动判断 | E13: 黄色 | F13: 现场填写区 | G13: 由实施工程师填写
A14: 正式上线说明 | B14: 由项目经理和医院确认 | C14: 本清单完成不等于自动批准上线
A15: 上线评估结论 | B15: □具备上线条件 □有条件具备上线条件 □暂不具备上线条件（依据核验结果据实勾选）
A16: 甲方确认意见 | B16: 【填写】 | E16: 乙方确认意见 | F16: 【填写】
A17: 甲方签字 | B17: 【签字】 | E17: 乙方签字 | F17: 【签字】
A18: 日期 | B18: 【YYYY-MM-DD】 | E18: 日期 | F18: 【YYYY-MM-DD】

Sheet 上线准备检查
A1: 上线准备检查｜标准模板｜版本：V1.0
A2: 总项数 | B2: =COUNTA($A$7:$A$65) -> 59 | C2: A阻断 | D2: =COUNTIF($C$7:$C$65,"A-上线阻断") -> 22 | E2: B必做 | F2: =COUNTIF($C$7:$C$65,"B-上线必做") -> 18 | G2: C抽查 | H2: =COUNTIF($C$7:$C$65,"C-抽查优化") -> 19 | I2: 已完成 | J2: =COUNTIF($K$7:$K$65,"<>未核验") -> 0 | K2: 异常项 | L2: =COUNTIF($K$7:$K$65,"不通过")+COUNTIF($K$7:$K$65,"阻塞")+COUNTIF($K$7:$K$65,"待确认") -> 0 | M2: 执行状态 | N2: =IF(COUNTIF($K$7:$K$65,"未核验")>0,"核验未完成",IF(L2>0,"存在异常，交项目经理处理",IF(COUNTIFS($K$7:$K$65,"通过",$J$7:$J$65,"")+COUNTIFS($K$7:$K$65,"通过",$M$7:$M$65,"")+COUNTIFS($K$7:$K$65,"通过",$N$7:$N$65,"")>0,"填写不完整","本部分核验完成"))) -> 核验未完成
A3: 【填写说明】黄色区域为项目现场填写区；所有结论和证据必须基于实际核验结果。
A4: A=本项目范围内的上线阻断条件；B=上线前必须完成；C=按项目范围抽查或作为优化项。不在本次范围时选择“不适用”，并在实际结果中写明确认依据。
A5: 填写要求：实际结果写明操作入口、业务编号、数量和可核验结果；执行人及日期填写“【姓名】/【YYYY-MM-DD】”；证据路径填写实际归档位置。
A6: 核验编号 | B6: 执行顺序 | C6: 核验等级 | D6: 主执行岗位 | E6: 核验事项 | F6: 去哪里操作 | G6: 操作步骤（含配合岗位） | H6: 通过标准 | I6: 证据要求 | J6: 实际结果 | K6: 核验结论 | L6: 问题编号/异常说明 | M6: 执行人及日期 | N6: 证据路径
A7: ZB-001 | B7: 01 项目确认 | C7: A-上线阻断 | D7: 项目经理 | E7: 确认生产版本和访问地址 | F7: 生产登录页 | G7: 配合岗位：实施工程师。1.打开生产地址；2.记录页面版本；3.与发布单核对 | H7: 地址可访问，版本与批准发布单一致 | I7: 登录页截图、发布单 | K7: 未核验
A8: ZB-002 | B8: 01 项目确认 | C8: A-上线阻断 | D8: 项目经理 | E8: 确认本次上线范围 | F8: 项目及范围页 | G8: 配合岗位：实施工程师。1.逐项与医院确认范围；2.将每项状态改为非待确认；3.记录不在范围原因 | H8: 所有范围项均有明确状态和责任方 | I8: 双方范围确认记录 | K8: 未核验
A9: ZB-003 | B9: 01 项目确认 | C9: C-抽查优化 | D9: 项目经理 | E9: 建立现场联系人和升级路径 | F9: 项目联络表 | G9: 1.核对病理科、信息科、接口、设备、研发和运维联系人；2.测试电话或群组；3.明确夜间升级人 | H9: 关键岗位均有姓名、电话和替补人员 | I9: 联系人表 | K9: 未核验
A10: ZB-004 | B10: 01 项目确认 | C10: A-上线阻断 | D10: 项目经理 | E10: 确认上线窗口和变更冻结 | F10: 上线会议记录 | G10: 配合岗位：医院信息科。1.确认开始和结束时间；2.确认冻结时点；3.确认允许变更的审批人 | H10: 上线窗口、冻结范围和审批人明确 | I10: 会议纪要 | K10: 未核验
A11: HJ-001 | B11: 02 环境与安全 | C11: B-上线必做 | D11: 安装工程师 | E11: 核对生产服务器资源 | F11: 服务器管理平台 | G11: 配合岗位：医院信息科。1.核对主、备、备份服务器；2.查看CPU、内存、系统盘和数据盘；3.与部署方案比对 | H11: 服务器数量和资源满足批准配置 | I11: 服务器清单、资源截图 | K11: 未核验
A12: HJ-002 | B12: 02 环境与安全 | C12: C-抽查优化 | D12: 安装工程师 | E12: 核对服务器软件版本（安装工程师执行） | F12: 服务器命令行；普通实施人员只核对记录，不自行修改 | G12: 1.由安装工程师打开服务器终端；2.逐项查看操作系统和基础软件版本；3.与批准的部署清单核对；4.把差异记录到问题表 | H12: 版本与部署方案或批准变更一致 | I12: 版本命令截图 | K12: 未核验
A13: HJ-003 | B13: 02 环境与安全 | C13: A-上线阻断 | D13: 安装工程师 | E13: 检查网络、端口、DNS和时间同步 | F13: 服务器终端/浏览器 | G13: 配合岗位：医院信息科。1.从终端访问生产地址；2.检查所需端口；3.检查DNS解析；4.核对服务器时间 | H13: 网络连通，端口开放，时间误差在医院允许范围内 | I13: 测试记录、时间截图 | K13: 未核验
A14: HJ-004 | B14: 02 环境与安全 | C14: A-上线阻断 | D14: 实施工程师 | E14: 检查生产访问地址和证书 | F14: 浏览器 | G14: 配合岗位：医院信息科。1.使用科室终端打开地址；2.检查证书；3.登录并退出；4.关闭浏览器重新访问 | H14: 无证书告警，登录退出正常，地址唯一明确 | I14: 浏览器截图 | K14: 未核验
A15: HJ-005 | B15: 02 环境与安全 | C15: A-上线阻断 | D15: 安装工程师 | E15: 确认PIS各项后台服务均正常运行 | F15: 服务监控或容器管理页面；由安装工程师操作 | G15: 1.查看PIS前端、后端、数据库、缓存、文件存储和访问代理的运行状态；2.确认没有反复重启；3.查看最近错误记录；4.保存状态截图 | H15: 所有必须服务运行且无持续重启或严重错误 | I15: 容器列表、日志截图 | K15: 未核验
A16: HJ-006 | B16: 02 环境与安全 | C16: B-上线必做 | D16: 安装工程师 | E16: 按批准方案演练主备切换 | F16: 主备切换平台；普通实施人员不得自行切换 | G16: 配合岗位：医院信息科。1.由安装工程师记录当前主节点；2.经医院信息科确认后执行切换；3.持续打开PIS页面；4.记录恢复时间；5.确认测试数据没有丢失 | H16: VIP切换成功，业务在批准时限内恢复，数据无丢失 | I16: 切换时间、服务截图、演练记录 | K16: 未核验
A17: HJ-007 | B17: 02 环境与安全 | C17: A-上线阻断 | D17: 数据库工程师 | E17: 确认数据库可用并完成一条测试记录读写 | F17: 数据库监控由数据库工程师操作；实施人员在PIS页面验证 | G17: 配合岗位：实施工程师。1.数据库工程师确认数据库状态正常；2.实施人员在PIS中新建批准的测试记录；3.查询并修改该记录；4.确认操作日志能够查到 | H17: 数据库连接正常，新增、查询、修改成功且有日志 | I17: 数据库状态和业务截图 | K17: 未核验
A18: HJ-008 | B18: 02 环境与安全 | C18: C-抽查优化 | D18: 安装工程师 | E18: 检查登录后是否会反复退出或丢失会话 | F18: PIS登录页面和缓存监控；缓存监控由安装工程师查看 | G18: 1.登录PIS；2.刷新页面并切换工作站；3.持续操作5分钟；4.确认没有反复退出；5.如有异常由安装工程师检查缓存服务 | H18: 登录会话稳定，无反复退出或缓存报错 | I18: 页面和监控截图 | K18: 未核验
... A65: QH-005 | B65: 08 上线切换 | C65: C-抽查优化 | D65: 项目经理 | E65: 完成项目资料交接 | F65: 项目资料目录 | G65: 配合岗位：运维、医院信息科。1.核对部署、配置、接口、账号、备份、培训、问题和手册资料；2.指定保管人；3.签收 | H65: 资料完整、版本一致、存放位置和责任人明确 | I65: 交付清单、签收单 | K65: 未核验

Sheet 业务流程核验
A1: 业务流程核验｜标准模板｜版本：V1.0
A2: 总项数 | B2: =COUNTA($A$7:$A$69) -> 63 | C2: A阻断 | D2: =COUNTIF($C$7:$C$69,"A-上线阻断") -> 15 | E2: B必做 | F2: =COUNTIF($C$7:$C$69,"B-上线必做") -> 35 | G2: C抽查 | H2: =COUNTIF($C$7:$C$69,"C-抽查优化") -> 13 | I2: 已完成 | J2: =COUNTIF($K$7:$K$69,"<>未核验") -> 0 | K2: 异常项 | L2: =COUNTIF($K$7:$K$69,"不通过")+COUNTIF($K$7:$K$69,"阻塞")+COUNTIF($K$7:$K$69,"待确认") -> 0 | M2: 执行状态 | N2: =IF(COUNTIF($K$7:$K$69,"未核验")>0,"核验未完成",IF(L2>0,"存在异常，交项目经理处理",IF(COUNTIFS($K$7:$K$69,"通过",$J$7:$J$69,"")+COUNTIFS($K$7:$K$69,"通过",$M$7:$M$69,"")+COUNTIFS($K$7:$K$69,"通过",$N$7:$N$69,"")>0,"填写不完整","本部分核验完成"))) -> 核验未完成
A3: 【填写说明】黄色区域为项目现场填写区；所有结论和证据必须基于实际核验结果。
A4: A=本项目范围内的上线阻断条件；B=上线前必须完成；C=按项目范围抽查或作为优化项。不在本次范围时选择“不适用”，并在实际结果中写明确认依据。
A5: 填写要求：实际结果写明操作入口、业务编号、数量和可核验结果；执行人及日期填写“【姓名】/【YYYY-MM-DD】”；证据路径填写实际归档位置。
A6: 核验编号 | B6: 执行顺序 | C6: 核验等级 | D6: 主执行岗位 | E6: 核验事项 | F6: 去哪里操作 | G6: 操作步骤（含配合岗位） | H6: 通过标准 | I6: 证据要求 | J6: 实际结果 | K6: 核验结论 | L6: 问题编号/异常说明 | M6: 执行人及日期 | N6: 证据路径
A7: DJ-001 | B7: 05 核心业务 | C7: B-上线必做 | D7: 临床申请人员 | E7: HIS创建常规病理申请 | F7: HIS病理申请页面 | G7: 配合岗位：接口工程师。1.选择正确申请类型；2.填写标本部位、名称、数量和临床信息；3.提交；4.记录申请号 | H7: HIS提示提交成功，生成唯一申请号 | I7: HIS申请截图 | K7: 未核验
A8: DJ-002 | B8: 05 核心业务 | C8: A-上线阻断 | D8: 登记人员 | E8: 在PIS接收HIS申请 | F8: 登记工作站-待接收 | G8: 1.输入或扫描申请号；2.打开申请；3.核对姓名、住院号/门诊号、科室、医生、标本和医嘱 | H8: PIS只显示一条申请，关键字段与HIS一致 | I8: PIS与HIS对照截图 | K8: 未核验
A9: DJ-003 | B9: 05 核心业务 | C9: A-上线阻断 | D9: 登记人员 | E9: 执行标本查对并接收 | F9: 登记工作站-接收 | G9: 配合岗位：标本接收人员。1.核对患者标识；2.核对标本名称、数量、容器和固定；3.记录接收时间；4.点击接收 | H9: 病例进入待登记或已接收状态，接收人和时间可查询 | I9: 接收页面截图 | K9: 未核验
A10: DJ-004 | B10: 05 核心业务 | C10: B-上线必做 | D10: 登记人员 | E10: 拒收不合格标本 | F10: 登记工作站-拒收 | G10: 配合岗位：标本接收人员。1.选择拒收；2.填写明确原因；3.确认；4.查询拒收记录和通知结果 | H10: 系统禁止继续登记，拒收原因、人员和时间可追溯 | I10: 拒收记录截图 | K10: 未核验
A11: DJ-005 | B11: 05 核心业务 | C11: C-抽查优化 | D11: 登记人员 | E11: 手工创建或补录申请 | F11: 登记工作站-新建登记 | G11: 1.选择允许的业务类型；2.录入患者、临床和标本信息；3.保存；4.查询病例 | H11: 生成唯一申请/病例记录，必填项缺失时不能提交 | I11: 新建和查询截图 | K11: 未核验
A12: DJ-006 | B12: 05 核心业务 | C12: A-上线阻断 | D12: 登记人员 | E12: 生成病理号并打印标本标签 | F12: 登记工作站/标签打印机 | G12: 1.完成登记；2.记录生成的病理号；3.打印标签；4.核对患者标识、病理号、标本；5.扫描标签 | H12: 病理号唯一，标签清晰，扫描后打开正确病例 | I12: 标签样张、扫描截图 | K12: 未核验
A13: DJ-007 | B13: 05 核心业务 | C13: B-上线必做 | D13: 登记人员 | E13: 登记完成并移交取材 | F13: 登记工作站-移交/取材待接收 | G13: 配合岗位：取材人员。1.选择取材接收人或任务包；2.确认移交；3.取材人员刷新待接收列表；4.核对数量 | H13: 登记端显示已移交，取材端出现唯一任务，双方数量一致 | I13: 双方页面截图 | K13: 未核验
A14: QC-001 | B14: 05 核心业务 | C14: B-上线必做 | D14: 取材人员 | E14: 接收取材任务 | F14: 取材工作站-待接收 | G14: 1.扫描标本标签；2.核对患者、标本和移交人；3.点击接收 | H14: 病例进入取材中状态，接收人和时间可追溯 | I14: 接收截图 | K14: 未核验
A15: QC-002 | B15: 05 核心业务 | C15: B-上线必做 | D15: 取材医生 | E15: 扫码进入病例并拍摄大体图 | F15: 取材工作站/拍摄台 | G15: 配合岗位：记录人员。1.扫描标本；2.确认双屏病例一致；3.拍摄大体图；4.添加必要标注；5.保存 | H15: 照片与病例唯一关联，重新打开可查看原图和标注 | I15: 照片页面截图 | K15: 未核验
A16: QC-003 | B16: 05 核心业务 | C16: A-上线阻断 | D16: 取材医生 | E16: 记录取材明细和蜡块数量 | F16: 取材工作站-取材记录 | G16: 配合岗位：记录人员。1.逐项录入标本描述；2.记录材块部位和数量；3.生成蜡块编号；4.核对总数 | H16: 取材记录完整，蜡块编号与数量一致 | I16: 取材记录截图 | K16: 未核验
A17: QC-004 | B17: 05 核心业务 | C17: A-上线阻断 | D17: 取材医生 | E17: 完成双人核对 | F17: 取材工作站-核对 | G17: 配合岗位：记录人员。1.取材人核对标本、材块和编号；2.记录人再次核对；3.分别确认 | H17: 系统保存两名核对人员和时间，核对后内容一致 | I17: 双签确认截图 | K17: 未核验
A18: QC-005 | B18: 05 核心业务 | C18: B-上线必做 | D18: 取材人员 | E18: 扫描包埋盒并移交脱水 | F18: 取材工作站/脱水待接收 | G18: 配合岗位：脱水人员。1.逐一扫描包埋盒；2.核对扫描数与记录数；3.完成取材；4.移交脱水；5.脱水端核对任务 | H18: 每个蜡块与病例关联，脱水端任务和数量一致 | I18: 扫描数、双方任务截图 | K18: 未核验
... A69: YC-005 | B69: 08 上线切换 | C69: B-上线必做 | D69: 系统管理员 | E69: 病理号重号或编号冲突保护 | F69: 编号配置/登记工作站 | G69: 配合岗位：登记人员。1.制造或模拟相同候选编号；2.提交登记；3.观察系统处理；4.查询最终编号 | H69: 系统阻止重号或生成新的唯一编号，并留下处理记录 | I69: 提示和查询截图 | K69: 未核验

Sheet 填写规范及约束
A1: 填写规范及约束｜标准模板｜版本：V1.0
A2: 本模板不得预填项目事实。所有结论、问题编号、人员、日期和证据路径均须依据真实项目核验结果填写。
A4: 类别 | B4: 规则 | C4: 必须填写内容 | D4: 合格示例 | E4: 不合格写法 | F4: 异常处理 | G4: 责任人 | H4: 约束说明
A5: 执行顺序 | B5: 先做上线准备，再做业务流程；按执行顺序筛选。 | C5: 每行逐项完成 | D5: 先完成01项目确认，再进入02环境与安全 | E5: 先做容易项、核心流程最后做 | F5: 前置条件未满足时选阻塞并写原因 | G5: 主执行岗位 | H5: 不得跳过A项
A6: A项 | B6: 本项目范围内的上线阻断条件 | C6: 实际结果、结论、执行人日期、证据 | D6: A项通过且证据可打开 | E6: A项未核验仍安排上线 | F6: 立即升级项目经理 | G6: 主执行岗位+项目经理 | H6: 不适用必须有范围确认依据
A7: B项 | B7: 上线前必须完成的交付事项 | C7: 与A项相同 | D7: 完成核验；异常已建问题和批准方案 | E7: 只说后续再看 | F7: 登记异常并明确处理计划 | G7: 主执行岗位 | H7: 阻塞或待确认不得忽略
A8: C项 | B8: 按范围抽查或作为优化项 | C8: 结论；不适用时写依据 | D8: 不适用：双方确认本次不启用数字切片 | E8: 空着不填 | F8: 明确本次处理结论 | G8: 主执行岗位 | H8: 仍需形成明确结论
A9: 通过记录 | B9: 写清操作入口、编号、数量和看到的结果 | C9: 实际结果、执行人日期、证据路径 | D9: 输入TEST0001，仅1条申请，字段与HIS一致 | E9: 正常、没问题 | F9: 补充可复核的事实 | G9: 执行人 | H9: 别人只看记录即可判断
A10: 异常记录 | B10: 不通过、阻塞、待确认必须写问题编号或异常说明 | C10: 编号、现象、影响、责任人、期限 | D10: WT-003；标签条码缺失；设备工程师14:00前处理 | E10: 打印有点问题 | F10: 提交项目经理跟踪 | G10: 发现人 | H10: 不得只在聊天中反馈
A11: 复测关闭 | B11: 修复后重新执行原步骤 | C11: 复测结果、人员、日期、新证据 | D11: 连续打印10张，10张扫码成功；李某/2026-08-01 | E11: 开发说已修复 | F11: 复测通过后才能关闭 | G11: 复测人 | H11: 整改前后证据分开编号
A12: 证据命名 | B12: 医院简称_任务编号_YYYYMMDD_序号.扩展名 | C12: 证据路径 | D12: 武汉肺科_DJ-002_20260801_01.png | E12: 截图1.png | F12: 按任务和日期重命名 | G12: 执行人 | H12: 统一存放项目交付目录
A13: 证据内容 | B13: 能对应唯一任务并看清结果 | C13: 页面、编号、时间或数量 | D13: 截图包含页面名、申请号和结果 | E13: 只截一个按钮 | F13: 重新截取完整证据 | G13: 执行人 | H13: 聊天记录不能代替正式证据
A14: 数据安全 | B14: 只使用批准的测试或脱敏数据 | C14: 必要证据且不含无关敏感信息 | D14: 患者信息按医院要求遮挡 | E14: 截图包含身份证号、密码或令牌 | F14: 立即停止外发并按医院制度处理 | G14: 全体人员 | H14: 不得把证据存入个人非授权设备
